{
  "version": 1,
  "author": "costynvd",
  "editor": "wokwi",
  "parts": [
    { "type": "wokwi-esp32-devkit-v1", "id": "esp", "top": -360.1, "left": -321.8, "attrs": {} },
    {
      "type": "wokwi-dht22",
      "id": "dht1",
      "top": -402.9,
      "left": -111,
      "attrs": { "temperature": "37.4", "humidity": "60" }
    },
    {
      "type": "wokwi-photoresistor-sensor",
      "id": "ldr1",
      "top": -304,
      "left": -517.6,
      "attrs": {}
    }
  ],
  "connections": [
    [ "esp:TX0", "$serialMonitor:RX", "", [] ],
    [ "esp:RX0", "$serialMonitor:TX", "", [] ],
    [ "dht1:VCC", "esp:3V3", "red", [ "v0" ] ],
    [ "dht1:GND", "esp:GND.1", "black", [ "v0" ] ],
    [ "dht1:SDA", "esp:D14", "green", [ "v0" ] ],
    [ "esp:D32", "ldr1:AO", "green", [ "h-19.2", "v28.7" ] ],
    [ "ldr1:GND", "esp:GND.2", "black", [ "h19.2", "v66.8" ] ],
    [ "ldr1:VCC", "esp:3V3", "red", [ "h9.6", "v96" ] ]
  ],
  "dependencies": {}
}